{"stats":{"minecraft:used":{"minecraft:netherite_sword":9},"minecraft:picked_up":{"minecraft:wheat_seeds":1,"minecraft:porkchop":2,"minecraft:mutton":3,"minecraft:white_wool":2},"minecraft:killed":{"minecraft:sheep":2,"minecraft:pig":3,"minecraft:villager":2},"minecraft:mined":{"minecraft:grass":3,"minecraft:fern":4},"minecraft:custom":{"minecraft:time_since_rest":3559,"minecraft:play_time":3559,"minecraft:sprint_one_cm":15509,"minecraft:walk_one_cm":2993,"minecraft:damage_taken":20,"minecraft:walk_under_water_one_cm":496,"minecraft:mob_kills":7,"minecraft:jump":119,"minecraft:damage_dealt":860,"minecraft:leave_game":1,"minecraft:walk_on_water_one_cm":917,"minecraft:time_since_death":3559,"minecraft:total_world_time":3559,"minecraft:swim_one_cm":3071,"minecraft:fly_one_cm":28522,"minecraft:fall_one_cm":613}},"DataVersion":3105}